,gene,tRNA_oligo,rep_oligo
1,Gpr55_Guide1,TATCACCTGCCCCCTCTTTGGCTTCCTGCACCAGCCGGGAATCG,TATCACCTGCCCCAAAGATCTCCAGGGTTTTAGAGCTAGAAATAGC
2,Gpr55_Guide2,TATCACCTGCCCCCTGCTGCATCATCTGCACCAGCCGGGAATCG,TATCACCTGCCCCAAGCAGATCCCAAGTTTTAGAGCTAGAAATAGC
3,Gpr55_Guide3,TATCACCTGCCCCCAGATGGTCCTGCTGCACCAGCCGGGAATCG,TATCACCTGCCCCAATCTTGAATGGGGTTTTAGAGCTAGAAATAGC
4,Ltb_Guide1,TATCACCTGCCCCCGCAGTGCCTATCTGCACCAGCCGGGAATCG,TATCACCTGCCCCACTGCCAACAACAGTTTTAGAGCTAGAAATAGC
5,Ltb_Guide2,TATCACCTGCCCCCCAATGCTTCCAGTGCACCAGCCGGGAATCG,TATCACCTGCCCCAATTGGATCTCTGGTTTTAGAGCTAGAAATAGC
6,Ltb_Guide3,TATCACCTGCCCCCCGTCTATTACCTTGCACCAGCCGGGAATCG,TATCACCTGCCCCAGACGCCGTCCTGGTTTTAGAGCTAGAAATAGC
7,Lta_Guide1,TATCACCTGCCCCCCCTCCTGGGGCTTGCACCAGCCGGGAATCG,TATCACCTGCCCCAGAGGAAGACAGGGTTTTAGAGCTAGAAATAGC
8,Lta_Guide2,TATCACCTGCCCCCCTGAAACCTGCTTGCACCAGCCGGGAATCG,TATCACCTGCCCCATCAGGATGCCATGTTTTAGAGCTAGAAATAGC
9,Lta_Guide3,TATCACCTGCCCCCAGAAGTCTGTGTTGCACCAGCCGGGAATCG,TATCACCTGCCCCATTCTGCGCACTGGTTTTAGAGCTAGAAATAGC
10,Ltbr_Guide1,TATCACCTGCCCCCCAGCAGGAGTGGTGCACCAGCCGGGAATCG,TATCACCTGCCCCAGCTGGGACTCAGGTTTTAGAGCTAGAAATAGC
11,Ltbr_Guide2,TATCACCTGCCCCCCATAGAAAACCATGCACCAGCCGGGAATCG,TATCACCTGCCCCATATGCGATAAGGGTTTTAGAGCTAGAAATAGC
12,Ltbr_Guide3,TATCACCTGCCCCCCCTATAATGAACTGCACCAGCCGGGAATCG,TATCACCTGCCCCATAGGAATTATGGGTTTTAGAGCTAGAAATAGC
